id,name,num followers,num tweets,type
32372834,sciencemagazine,1364853,21504,celebrity
70418674,prpayne5,1785,8360,celebrity
3070217402,HomeGrown_STL,250,619,expert
3071208225,STLStrong,2423,5030,celebrity
1284730872,mstreet99,162,116,expert
32734216,chrissinstl,14,128,layman
57674651,velvetdove,25,566,layman
15288377,sfsam22,5143,16343,celebrity
14158523,jbgeers,304,4406,expert
4799718023,HWFerry2000,302,3211,expert
969087312733843456,SankarShrihari,12,145,layman
1591785186,jseyforthspt,191,3567,expert
17650690,AmyHC,432,1091,expert
2149741254,other_rock,1503,1284,celebrity
1537287451,camieb235,89,61,layman
33365915,ambitious_14,2969,52909,celebrity
3121851395,JoshTurnerSTL,44,717,layman
2795726261,Scotty_Millar,44,643,layman
2993677923,scientistleo,87,190,layman
830309076,GlantzAndrew,27,51,layman
2247763694,RepAkbari,4123,5908,celebrity
1263255792,RESachs,3485,3045,celebrity
27440425,danielledonfro,803,879,expert
854868276039561216,_MatthewACruz,354,1163,expert
3091719899,AlizaShatzman,32,9,layman
2610044946,Borcherding14,295,587,expert
279439060,ScottHaber_,225,5,expert
846275732468908033,Mamatha_Challa,415,765,expert
14869604,serenamounts,754,1453,expert
745416510563196929,lauriellos1,67,379,layman
832379575812419590,emma_searson,355,565,expert
14247769,samdelag,2904,10335,celebrity
627460881,HitenDPatel,547,311,expert
338649785,JJames925,532,520,expert
46046212,emilyann1031,1445,84469,celebrity
897972707555520512,jenn_dynis,663,718,expert
367371144,kaydub_cyc,369,13688,expert
268313339,phlchristo,1543,1854,celebrity
2327497058,JamieAndrenette,261,5076,expert
174936243,OriginalRue_21,1174,10589,celebrity
229652179,Chrxstxphxr,1138,60159,celebrity
1104089983139434497,PowWashu,3,0,layman
809869373838159872,chelseadee310,236,1824,expert
3596535193,femmephatale_,353,4488,expert
1102314850116685824,SiegalAlexandra,27,43,layman
927892405,SamuelAchilefu,530,73,expert
23447063,mrjoefrank,1162,1505,celebrity
262818134,AndrewDHaner,176,7490,expert
19004897,kimberlysinger,327,534,expert
14207802,GabeWatson,148,1074,expert
54980057,chrisuggen,7159,5456,celebrity
830022942,LMaffKipp,960,4367,expert
24906617,Seth_Lemon,3696,101,celebrity
912074990266265600,DCunningham_STL,188,113,expert
17054817,BerkeleyLab,63081,18266,celebrity
936331037398962182,WashUChem,226,115,expert
395241536,LaumeierArtStL,1934,784,celebrity
793958058,CitygardenSTL,2053,989,celebrity
1087393050232586240,SolnicaKrezelL,462,207,expert
58328960,stlglass,1022,2093,celebrity
900493927932993536,Martin_T_C,36,51,layman
1159013689,PhilliJaye,15,55,layman
2308991089,ProfRafia,198,191,expert
90488742,wouterkool,1437,548,celebrity
41208295,bdavidgallery,1234,6413,celebrity
2645622685,VentureCafeSTL,7621,6571,celebrity
1060649422005194753,in_thestl,3372,1149,celebrity
1095907512799449088,MorganSetDesign,122,177,expert
21425690,benjamin_akande,3026,5296,celebrity
2413504506,KatieStillman,1647,2519,celebrity
19546529,BrandeisU,20627,10780,celebrity
952384291,UnionStationSTL,2271,1677,celebrity
24232415,STLFoodbank,8159,14913,celebrity
961176493,RenegadeSTL,306,139,expert
1064922183238074369,ReimagineStl,776,93,expert
2155543074,BTstl,8190,6859,celebrity
93017945,Square,250021,13001,celebrity
860568871857729536,SilvaLabWustl,57,12,layman
902191204921692160,JonSilva_StL,80,26,layman
610355575,KittnerD,77,68,layman
2877187552,Meaghan_Creed,2527,1582,celebrity
1064304564881498112,MKSwansonLPGA,133,212,expert
17817315,ThePrincetonRev,18975,30926,celebrity
14605616,tbwonline,217,25755,expert
7522882,repstl,6141,7534,celebrity
1082697102940164097,BearWashu,20,1,layman
388585370,JasonHallSTL,4136,13839,celebrity
89116007,shakesfestSTL,6740,8640,celebrity
3438932054,laurie_punch,2116,2938,celebrity
1075833142370553857,BBoundariesWU,138,169,expert
1038108370165817345,WashuWups,178,127,expert
50998995,educationusa,24560,6234,celebrity
629550967,mikebushksdk,7631,2884,celebrity
17093768,rboyle31,5936,2597,celebrity
18419094,NSBE,20576,25317,celebrity
122417414,FranceinChicago,5248,7997,celebrity
131184459,TrumanState,8068,9212,celebrity
159204899,NEH_Education,9569,3172,celebrity
829341798,laurenemeier,1034,1237,celebrity
217997153,ppisters,6214,3168,celebrity
29497313,libbydowdall,306,1259,expert
893091699173580801,lymphmetabolism,160,290,expert
948461383506591747,Wang_PubHealth,88,103,layman
354095930,docambler,270,453,expert
719965265962917888,ToddNWylie,357,520,expert
832572871,kwylie5,573,923,expert
22008359,zalaly,805,1151,expert
82494870,_JavierVentura_,160,3732,expert
972238100998033408,odomjohnlab,841,861,expert
52478120,MattMenietti,2304,8372,celebrity
456175270,JenLWhitten,138,133,expert
13829772,stlpublicradio,59219,63989,celebrity
353511354,Scotty_Jacobs,102,90,expert
2432660328,WUSkillshare,33,121,layman
2793044058,WASHUCheer,112,21,expert
835853126,JackieSchlarman,16,32,layman
4483195829,jenniferavari,580,611,expert
903644276806045696,ObedIRojas,342,4823,expert
2160992067,setton_lab,1172,1972,celebrity
2291925414,MichaelJShaich,170,296,expert
33207717,shankarmukherji,105,1070,expert
2860928881,WomensBakery,343,567,expert
2559665445,SchefSchef,182,4064,expert
353885857,MissouriBIO,825,502,expert
76536416,andrewbrimer,155,88,expert
93084277,greetabl,2366,1787,celebrity
344514301,MorganDeBaun,71318,11430,celebrity
2466899838,Blavity,210689,93157,celebrity
1004100294702030848,blavityinc,1170,42,celebrity
20729256,i_am_MANDZ,714,2966,expert
4851506465,WashUFuse,249,147,expert
25004338,atimalui,659,14635,expert
122162380,GatewayArchPark,9442,4532,celebrity
717456558922330113,CarpeRibosomam,1028,304,celebrity
718457270640762880,aaqrl_wustl,170,344,expert
586198165,NEqualityMatrix,305,212,expert
888093364834492419,BauerCtr,130,225,expert
22224602,snkurtzman,218,188,expert
296459271,GoogleDoodles,131778,1462,celebrity
1042439328188821504,AFASWashU,201,98,expert
2682979022,daryn_adler410,206,726,expert
34918353,bbcpress,164410,12102,celebrity
632426577,CoachJuckem,1941,2671,celebrity
3214181795,hedwig_lee,2603,8132,celebrity
25615035,newsformaggie,7028,29296,celebrity
2707237244,ChainsawChapin,193,307,expert
746376337552736256,JeffreyRMillman,1425,1671,celebrity
1961582209,AnneGFlaherty,777,1848,expert
744890732079636480,WUNephrology,2167,1435,celebrity
915659288122675200,WUSTLGrad,32,7,layman
479732054,BioGeneratorSTL,2936,711,celebrity
18256748,ProfStevenSmith,2685,38,celebrity
807543036892893184,JonathanCBarnes,1519,510,celebrity
824320219866923018,RogueNASA,854979,17979,celebrity
13787402,nprscience,249640,13964,celebrity
15646778,tracycollins,365,4795,expert
793554027845943296,WUSTL_EPS,130,113,expert
2884054430,PhilSkemer,197,292,expert
59264698,NoahCohan,776,3871,expert
917820108587831297,Art_Arch_WUSTL,34,102,layman
172232536,HeNeArXe,531,2076,expert
13400312,drrodebaugh,675,3804,expert
193762646,WUSTLChemLib,9,32,layman
1419429236,jeff_catalano,27,56,layman
3029388663,i_am_washu,16,18,layman
3365960592,CaitlynMCollins,3292,3017,celebrity
3112500935,WASHUwGolf,245,380,expert
1018956622717210626,WashUBME,500,424,expert
2293315159,ObamaFoundation,839933,1482,celebrity
21395294,NRMercier,223,387,expert
771805741,GreatRiversSTL,8714,5858,celebrity
605824568,JenArnoldMD,261956,16205,celebrity
92062116,GatewayGreening,3862,5428,celebrity
3355496165,BoeingCEO,22816,403,celebrity
365581151,NRC_CNRC,18133,3465,celebrity
768146895264948224,OlinCel,172,198,expert
894663722,danbentle,277,638,expert
2993004914,rameshraliya,886,1752,expert
24211863,BJC_HealthCare,10589,5277,celebrity
779141043266748416,iiluscri,405,1339,expert
788467373934309381,wustlsoc,235,406,expert
1551043914,RMarieGriffith,1961,1260,celebrity
2443070556,WashUChancellor,3414,4081,celebrity
723988400848543748,ProfMomatWashU,112,493,expert
222358455,Eve_of_On,200,1384,expert
31968745,ehaswell,2634,4339,celebrity
265106132,GSSwustl,53,58,layman
784902962590126080,WASHU_BNVB,76,69,layman
2997261583,WUSTL_CIO,388,794,expert
388021710,ThomChesney,1395,4743,celebrity
589387005,myrablopez,519,1575,expert
762798888189169664,WASHUwSoccer,631,601,expert
34686432,OTSL,9501,5312,celebrity
803381318566510592,WashUwTennis,151,836,expert
3364557603,WashUDevBio,366,79,expert
5392522,NPR,7824988,182490,celebrity
100305857,debparker7,266,206,expert
380,kevin,122330,25,celebrity
12831,mikeyk,502511,23,celebrity
2743614332,WASHU_XCTF,705,1173,expert
22684023,cashnickerson,8760,2277,celebrity
2874873519,GregMagarian,109,45,expert
706831858705801218,SanjitDeSilva,219,1552,expert
4646119396,sathyayayaya,217,91,expert
16385785,BecauseNicoleH,1857,3865,celebrity
229105361,AFResearchLab,10093,4395,celebrity
3405773001,BiStateDev,858,851,expert
18013439,jeffheaton,9605,2649,celebrity
3316290844,limebike,23794,6070,celebrity
29295002,explorestlouis,66092,10060,celebrity
4054514002,DrMichaelLomax,6127,6768,celebrity
809194657607544832,WUSTL_Weather,45,7374,layman
28263652,LydaKrewson,17211,4972,celebrity
3082611,kgreenbaum,2616,5607,celebrity
370255074,wwt_inc,10035,14439,celebrity
4859159938,raven_r24,73,741,layman
252531143,SlaughterAM,158651,38161,celebrity
709447241396834304,Farsh_G,2178,3744,celebrity
3290364847,statnews,92918,33652,celebrity
2516186215,Guilak_Lab,1198,607,celebrity
2848197907,eternally_g,232,6025,expert
36369544,IdeasfromPaula,148,240,expert
2249717052,kindboml,2008,449,celebrity
255484000,clarkkathleen,2091,4359,celebrity
125152626,WUPR,507,1139,expert
229125893,danepps,8941,5767,celebrity
2813530168,AsteroidDay,499038,7013,celebrity
903700141793824768,MFA_WUSTL,350,709,expert
270135773,DrEmilyT,458,2404,expert
766306448355823616,WashUmTennis,254,33,expert
4059962960,WUSTLBio,658,529,expert
3321939708,WashUGHW,83,53,layman
2409166736,BuderCenter,157,281,expert
785929176838643712,WashUHumanities,210,598,expert
50115087,NASA_Johnson,947326,12436,celebrity
55295275,DanforthCenter,10534,8536,celebrity
52758395,NASASocial,336456,20495,celebrity
710077981813825537,SKappHastings,13,6,layman
91202205,kimselle,55,732,layman
734865768,K_Leg80,711,10505,expert
26853548,NASAblueshift,83353,3336,celebrity
28503759,WBTolman,3698,6672,celebrity
1199217612,MpowerStL,204,550,expert
190785056,DrDHud,676,561,expert
719683434973655040,WFTate4,944,884,expert
216215913,MOEducation,19116,16124,celebrity
48788647,FulbrightPrgrm,67756,12527,celebrity
49752256,ursasnitelife,156,581,expert
289951747,WashUAdmissions,786,1060,expert
18636144,purvi899,966,6569,expert
987584988,washubaseball,903,1497,expert
346681900,em_rich3,265,2349,expert
192446312,jasonmarquart,986,6140,expert
1707210650,drtessthompson,1723,7243,celebrity
61869906,jgohsman,138,223,expert
892017429227941888,WashUReady,430,618,expert
430995737,GirlsWhoCode,290242,11261,celebrity
4492748003,enola_proctor,1046,1289,celebrity
3282859598,TwitterVideo,15203898,8870,celebrity
507846696,ReligPolitics,12516,7086,celebrity
839958542929068032,TeamWashUSolar,75,168,layman
816277272013537280,EricSchultz,25959,19901,celebrity
53086113,WUMCRC,1073,6190,celebrity
867732616946044928,WashUcampusnext,586,316,expert
2192651251,nocmgr,149,940,expert
3028317746,WUSTLsurgres,889,563,expert
793463971844071424,TimJBono,316,191,expert
4048528588,WashUSurgery,1620,3737,celebrity
2991667765,webuhro,914,1196,expert
22522473,teresaalane,352,1162,expert
578399339,AnthonyAzama,605,515,expert
772345064,askmiaquestion,146,166,expert
143141524,stlcountypd,67375,5784,celebrity
77894837,DrJeffrey2U,533,433,expert
823999525589225472,DeanNancyStaudt,752,1773,expert
4172413432,GreenDotWashU,80,149,layman
302681217,MichaelKinch,388,633,expert
19734832,sarahkliff,137200,20259,celebrity
1114465094,ArmyResearchLab,15408,2793,celebrity
16268340,ajost,6315,33884,celebrity
568850097,_MerisS,869,12828,expert
2343705248,OSUPrezDrake,16125,4375,celebrity
3416267480,WUSTLphs,824,5525,expert
3192411776,WUSTLAnthro,595,936,expert
22189918,ArdenFarhi,5085,2310,celebrity
750701347373219841,voxstorytelling,2537,169,celebrity
803671726215360513,AdmissionDeanWU,302,474,expert
2566708177,K12FutureE,4453,2072,celebrity
801119630337183744,DeanTaylorWashU,774,478,expert
189243479,ElleBelle37,23969,3229,celebrity
10282842,DrakeUniversity,45001,15157,celebrity
227697985,jennie6878,145,491,expert
2307709224,milchar193,502,3266,expert
3404704222,jamesloomisIII,2705,1284,celebrity
1370334745,TEDxArch,2621,5908,celebrity
26548315,soledadobrien,1049139,74731,celebrity
807095,nytimes,43931040,369001,celebrity
56130060,CahokiaMounds,1146,1007,celebrity
21915158,doscareers,26449,18160,celebrity
636201304,zoobeanreads,3296,6887,celebrity
14647570,sciam,3759600,61991,celebrity
700500283567116288,MurmurationFest,1117,1403,celebrity
4300743322,Tsinghua_Uni,56597,2211,celebrity
1455149599,FergFlorSchools,3087,4772,celebrity
1078094342,JaySieling,367,5494,expert
41386532,de_nichols,3537,29612,celebrity
3188022810,SUConnectionSTL,852,468,expert
3507116961,DrLoriWashU,527,62,expert
100158078,isanchezprado,2340,3953,celebrity
69940000,vcmitchelljr,9396,31144,celebrity
16149009,jmitori,2048,2347,celebrity
22704001,sbbaicker,26603,75347,celebrity
577655131,cardsblog,1878,4813,celebrity
454099919,McFaul,384538,70325,celebrity
107118132,paulakerger,3716,502,celebrity
19268465,esusseles,587,117,expert
39588710,INSIGHT_News,1894,4715,celebrity
29450962,repjohnlewis,1094099,1954,celebrity
2848116152,BALSAfoundation,722,536,expert
343857441,StartLouis,3240,2488,celebrity
2999683002,GiftAMeal,1203,2145,celebrity
704997167644061696,iitb_wustl,161,162,expert
276989862,wrightstate,14905,48334,celebrity
1665513908,CollegeCEOs,694,994,expert
189258194,SIRIUSXM,252174,45414,celebrity
1043265055,Sra_Arnold,1230,3100,celebrity
4896645460,BearStudiosSTL,199,10,expert
109653394,STLpubLibrary,13327,5469,celebrity
419637796,SkinkerD,598,640,expert
2612797260,matt_devoll,196,654,expert
353136410,PaulSchankmanTV,1679,225,celebrity
4847215367,CenteneCtrWUSTL,299,215,expert
54968759,cirtlnetwork,1414,2302,celebrity
16002507,Weatherbird,17322,41250,celebrity
3518864172,AcademicBatgirl,27703,2585,celebrity
3179729400,WUFSAP,37,23,layman
1526092836,AdiaHWingfield,2563,1155,celebrity
20536157,Google,21391140,100781,celebrity
14075836,AnitaB_org,46543,18917,celebrity
33933259,UNICEF,7663484,43630,celebrity
33898911,Habitat_org,1079963,25501,celebrity
34743251,SpaceX,8833623,4416,celebrity
15473958,MarsCuriosity,4043243,3708,celebrity
40897443,varsitytutors,5086,5183,celebrity
3350881983,eqstl,3515,5059,celebrity
419333211,kloughead,31,472,layman
29746928,deepfriar,332,22238,expert
17899109,gatesfoundation,1951422,14119,celebrity
2720244289,pikazoapp,1658,2001,celebrity
2496602137,MellonProgsWW,408,2129,expert
1632193579,launchcode,12273,5415,celebrity
2837143010,OWNIT_WashU,153,294,expert
41891005,WUMT,324,548,expert
2908602565,AsthmaWing,842,1165,expert
2434086566,KIPPSTL,792,810,expert
46652868,andrewsrubin,277,3,expert
1933042237,SiriouslySusan,2082135,1998,celebrity
633065343,WUSTLModLitColl,150,645,expert
2913062468,maryjobang,199,1,expert
3279061502,CPhillipsPoet,6416,2485,celebrity
33387774,WUTV22,216,386,expert
515888500,ATTimpact,17756,5431,celebrity
3449767582,debates,12316,46,celebrity
3585475513,Wustlmusic,273,380,expert
19918047,TeachForAmerica,152636,28439,celebrity
3327445031,IKEAStLouis,3561,1103,celebrity
47718880,Stratton_Jill,924,1753,expert
251326053,claythecrusade,1019,5232,celebrity
116936186,JGFink,270,994,expert
48264688,AllySchipma,1076,16315,celebrity
3314329218,WashURec,565,847,expert
284318176,mikejimreed,390,3131,expert
14645160,shwood,1783311,90631,celebrity
3421493224,WUSTL16,55,18,layman
3307838568,washu_jkl,13,58,layman
373676318,Deanne_Bell,2901,758,celebrity
1307808872,TFASTL,1811,2767,celebrity
49646208,washuhillel,973,784,expert
75028838,HillelIntl,18969,12348,celebrity
1954980811,JenSmithWashU,347,431,expert
16401294,benlowy,14070,8685,celebrity
190709835,DrPatSportsBiz,2291,3038,celebrity
2992615351,WashUOTM,608,736,expert
3180783566,WU_Connections,61,38,layman
16539990,eebsworthgoold,1606,14446,celebrity
1583898368,STEMpactSTL,912,1098,expert
626804708,A_JHoffman,29,197,layman
2282625872,HawthornSTL,336,533,expert
1442844120,emmalynchtyler,2270,13043,celebrity
3317606572,ForbesEDU,3590,3412,celebrity
3332879038,Official_WUpan,31,31,layman
822215679726100480,POTUS,26495499,6742,celebrity
1536791610,POTUS44,14975214,352,celebrity
37599351,benlandis,3336521,396,celebrity
2608961955,pcolatat,19,1,layman
3291564161,spoon_washu,320,298,expert
25104363,BoeingDefense,226358,12096,celebrity
2266427341,WestminsterP,196,703,expert
26533257,staceynewman,6690,24384,celebrity
75361610,herbiehancock,161480,1431,celebrity
2445809510,PeriscopeCo,1373705,1032,celebrity
556382299,andreacoates,118,171,expert
1727079264,WUStl_Pride,86,341,layman
1924784989,DrLoriatSMU,522,348,expert
2889221156,hello_tesla,25,21,layman
1424514128,CoachJRyan,2514,2077,celebrity
293755019,WilliamCarey73,652,4027,expert
480120122,readingrainbow,64777,19253,celebrity
397507908,KenBurns,123507,3696,celebrity
394421870,MamaPotRoast,82,135,layman
2969611414,OUPPhilosophy,68324,6954,celebrity
401587629,BlakeMarggraff,408,346,expert
85233237,stephengarten,477,482,expert
97459853,FarrahFazal,8968,180133,celebrity
48481509,SAUCEmag,50454,17435,celebrity
2340792121,TechArtista,2022,920,celebrity
39284667,SLCL,11617,19621,celebrity
1058441018,blackanthology,163,205,expert
594617548,MarsOneProject,94013,2360,celebrity
3038216124,wustlisp,1371,3185,celebrity
1051446626,RepAnnWagner,22587,3620,celebrity
211593210,Strive4C,1593,2566,celebrity
53436920,mikebpeters,6352,1049,celebrity
70889618,UKinChicago,6637,5439,celebrity
211368601,jkarpjkarp,384,3105,expert
2743396898,OBS_STL,11851,4982,celebrity
221774710,EWBUSA,6343,2531,celebrity
3008468624,foxinthefield,74,40,layman
425289182,StartupWkndSTL,2102,690,celebrity
310339240,historical_pict,5853,40952,celebrity
353911017,Dabble_STL,693,1600,expert
2984800740,VeritasForumUSC,42,28,layman
2314419612,gogrowthgroups,3577,2849,celebrity
125512325,PsyPost,243962,40366,celebrity
281572965,PIPELINEorg,3581,6036,celebrity
22874559,dedriccarter,345,260,expert
67727882,KIPP,53771,10137,celebrity
2478772567,maecquinn,908,7843,expert
2596795380,BeckerLibrary,512,741,expert
16669075,fema,752141,16631,celebrity
17599655,USGBC,129931,34325,celebrity
2842464829,WUSTL_EM,2257,2165,celebrity
19807091,followkurt,5722,3940,celebrity
56000279,SLUent,4901,3917,celebrity
1114945110,WUSTLelp,130,287,expert
15762708,NelsonMandela,1594873,14989,celebrity
2798470926,WashUGenetics,856,2461,expert
23772743,GoldfarbNursing,820,616,expert
2895858164,WUL4racialjusti,66,104,layman
148064284,EducPlus,4402,10249,celebrity
82216564,RelayForLifeWU,583,583,expert
304003172,PHAnews,37434,15821,celebrity
2847873768,TCRWUSTL,278,237,expert
1296514098,WUSTLendo,341,552,expert
56278396,JoshuaLFerguson,1648,8407,celebrity
2567756700,washudems,306,66,expert
833938195,DowntownTREX,9717,7327,celebrity
494130011,KatharinePei,112,66,expert
16817883,scifri,763771,49656,celebrity
2285368813,ScholarBridge,242,526,expert
63796828,verified,2739295,6,celebrity
1055871326,UQNorthAmerica,2218,10474,celebrity
21269970,RoyBlunt,106137,11798,celebrity
93302391,2000F,4240,42,celebrity
455912321,LamarPierce1,880,668,expert
23965121,pulitzercenter,41052,34654,celebrity
32915932,ABSWashU,508,956,expert
189148105,LafSqSTL,5690,2047,celebrity
242134919,STLSoulard,9048,2568,celebrity
2742955897,healthequitywks,2233,2783,celebrity
129023268,cherokeestreet,3071,2084,celebrity
16635405,websteru,14065,14929,celebrity
364949986,JackDevine_TAG,953,832,expert
261008360,rawreader,667,782,expert
522342754,MentalHealthSTL,2912,6716,celebrity
804599232,MichelleAPurdy,935,2372,expert
17075602,VirginiaYoung,6643,9091,celebrity
2805451808,WustlUPE,57,24,layman
30952967,YourAnswerPlace,3105,6754,celebrity
43408677,STLPartnership,11625,11674,celebrity
1961811750,WashU_SAAC,164,55,expert
47651153,COCAstl,6834,4310,celebrity
204890991,StevenHarowitz,1034,6166,celebrity
2550324926,OlinBSBA,417,613,expert
774351452,studlifecadenza,66,372,layman
158994904,WUCS40,185,77,expert
10046192,amelungc,163,254,expert
119235720,ACEducation,34269,12526,celebrity
12413032,chronicle,261237,39876,celebrity
2419705380,Adrienne_WU,3222,1728,celebrity
2752940851,WUSTLPoliSci,373,143,expert
2677477255,bcporsche,44,3,layman
21672185,BarnesJewish,9465,4452,celebrity
2402372400,snakeringstory,1795,2215,celebrity
18001465,flystl,17289,13393,celebrity
28436873,stlBlackRep,2448,1804,celebrity
177984613,tarapham,3017,7117,celebrity
2495598836,wustl_bec,332,418,expert
836294324,AccelerateSTL,7790,4483,celebrity
2450395980,StartupVoodoo,1525,1103,celebrity
409509212,LiamOtten,235,446,expert
392219529,Ccolaccola,521,473,expert
385758804,WUSeniors2017,51,2,layman
377177381,WU_DAC,156,39,expert
8517152,ldinstl_chimera,2358,13556,celebrity
24183990,UniversityCity,1675,2414,celebrity
20351594,TammieHolland,11539,24905,celebrity
365158054,IlliniAD,32992,2080,celebrity
2529997596,CityFacesSTL,128,158,expert
239509917,MsPackyetti,216130,93052,celebrity
2511437438,Gail_WU,73,159,layman
2756044609,WashUVintage,28,12,layman
6708952,SteveCase,745992,54925,celebrity
162118290,doescience,17987,8289,celebrity
770732504,WaymanCrow,45,250,layman
277853976,perlberg,20709,3612,celebrity
1690946312,WGEWalri,55,130,layman
167839057,gpc_wustl,325,368,expert
2734848864,WashU_Habif,441,939,expert
230950857,HMilkFoundation,15265,18317,celebrity
1023431881,FilmEssaying,1621,142892,celebrity
2516342929,UnitedProvision,1762,934,celebrity
31280938,stlouisearthday,5506,6994,celebrity
161700030,dormify,7322,15000,celebrity
632926928,American_Stroke,17549,8839,celebrity
309481851,satispy,3649,18371,celebrity
15728569,2Uinc,8491,8693,celebrity
1355695758,betaboxlearning,1237,1258,celebrity
23782932,drhipp,1881,6008,celebrity
2647189844,DOTwustl,53,16,layman
2645929465,WUSTLRocketClub,19,1,layman
226296181,rhodes_trust,6592,7005,celebrity
247459094,townandstyle,4152,4513,celebrity
15134240,NIH,915334,12017,celebrity
184792017,ShalomHouseSTL,298,555,expert
2600545645,EliotGators,22,12,layman
1344865038,UCampusWustl,351,3,expert
19959268,iitbombay,62005,966,celebrity
185640378,feastmag,52661,31329,celebrity
76841147,Tony_Balsamo,177,796,expert
1656913753,wustlOUTgrads,74,48,layman
48044384,Schoology,34515,23594,celebrity
2577642943,SlingHealthSTL,748,559,expert
71914709,nehaha_nair,153,333,expert
1102,davidu,22230,8833,celebrity
17248121,physorg_com,734597,113476,celebrity
97002407,ConnectMinds,7595,7323,celebrity
21797658,laurameckler,11234,3231,celebrity
622179125,DB_Dowd,671,2047,expert
16245822,NSF,1154463,20711,celebrity
1603419038,Schultz44,21148,10328,celebrity
55980338,frugalgeo,485,2010,expert
432013120,johnfortner,634,568,expert
352792788,NYCWUSTL,136,739,expert
29977461,FuturityNews,19889,22848,celebrity
16003633,davidhunn,8114,7296,celebrity
148755647,PARCwustl,81,397,layman
91455335,KavliFoundation,9166,6227,celebrity
1431638544,CrustyMucus,785,22453,expert
129050741,FoxPACF,962,4281,expert
873790838,thejessjiang,1039,432,celebrity
205813009,PfPSTL,1918,4001,celebrity
7091082,NewAmerica,47080,34929,celebrity
104636001,thinkbigKC,17005,18686,celebrity
514868195,RomeAlexander1,65017,5921,celebrity
18199717,jrobmartin,875,2747,expert
547062997,EPAregion7,3793,5863,celebrity
1351008175,1904worldsfair,216,1108,expert
24754547,campuskitchens,6305,24461,celebrity
2494308415,JohnInazu,3110,1898,celebrity
17038869,NicolasGrenier,10402,104,celebrity
2543629379,AstroBehnken,54792,628,celebrity
23376077,ryanmartin,6598,17848,celebrity
44002382,skmcginn,220,157,expert
3935341,chrisfreeland,1531,6384,celebrity
109144272,lamerrifield,361,11200,expert
158474938,WUSM_BMB,160,634,expert
47524553,sorope,2258,21259,celebrity
738927990,czuppons,2311,9668,celebrity
270727088,ThePigskinArch,2385,48589,celebrity
1416478561,BrittaneyBethea,388,1190,expert
14724181,MackBradley,1707,18821,celebrity
54989273,TonyLaRussa,68430,2414,celebrity
109937844,venture4america,17080,7814,celebrity
462280608,STLGlobalKids,1033,3089,celebrity
586620447,jolijtt,402,944,expert
2484026742,WASHUSoftball,572,864,expert
22996930,RACStLouis,10058,2770,celebrity
82885139,downtownstlouis,73863,13122,celebrity
18907907,FOCUSstl,13349,8840,celebrity
192936564,STLonAir,16182,31107,celebrity
17514093,ALIVE_Mag,38815,20499,celebrity
92316446,umsl,8068,10708,celebrity
16219269,TheMuslimGuy,60506,10845,celebrity
78630270,STLMetro,17660,27507,celebrity
467536020,GayleGeren,743,6568,expert
2474523168,WUSTLCompliment,43,1,layman
54306210,HEC_TV,2236,4688,celebrity
218763205,Peking_Uni,2616,604,celebrity
401838633,madeforfreedom,2178,7326,celebrity
1857568154,SH101atWUSTL,81,862,layman
95550848,dondroo,377,21991,expert
700068194,SchulerScholar,801,2949,expert
510740358,americanacad,8856,5517,celebrity
121625094,pkollipara,1470,6826,celebrity
414945833,golakers22,461,8378,expert
16458033,_amita_,4277,3416,celebrity
248883766,humgeek,449,4839,expert
25565982,NOVISNYC,728,2192,expert
14754251,_rachelhartman,3753,24723,celebrity
463110926,HHayesPACS,454,1222,expert
27742577,BetsyHCohen,3457,17856,celebrity
40720132,TheDelmarLoop,25633,9409,celebrity
1634648485,wustlpremed,147,201,expert
410060338,neilwashupa,297,507,expert
2305352786,WUProSPER,80,21,layman
1643095573,OlinPartners,26,47,layman
576735156,RealTimeSTL,1764,1964,celebrity
245132230,JulieHao,18,19,layman
704188580,Corcoran314,174,14,expert
121543577,OPFoodSearch,4257,6848,celebrity
2291384989,INCEESWUSTL,418,2533,expert
2352355284,WUSTLDC,62,198,layman
472710990,Lewis_Lab,2702,13918,celebrity
304105801,WashUAmateurs,261,337,expert
2401657310,WUIRboard,11,2,layman
1528757017,skyzone,10483,6070,celebrity
1365611654,PHILANTHROPYCCC,276,1322,expert
15191052,josephstromberg,4214,4220,celebrity
18544393,campuspride,11425,22348,celebrity
37473158,KWUR,1389,1815,celebrity
148032008,IslandPressSTL,131,150,expert
2360474641,WashUAshoka,102,327,expert
1979372431,WomensSocietyWU,123,32,expert
20277132,Schlafly,77841,25762,celebrity
1726628623,wuchurn,14,19,layman
46147590,WU_SLam,233,635,expert
17425484,jessicarichman,52904,2850,celebrity
89680611,StLouisAmerican,16895,30415,celebrity
26014253,TheMuny,19302,8685,celebrity
20483107,TedDrewes,2100,1,celebrity
153509545,GatewayArchSTL,9106,8727,celebrity
60998145,DANCE_STL,3313,3958,celebrity
22685638,NPRMichel,61201,13586,celebrity
1317319711,SAEWashU,272,167,expert
21348287,MissouriLife,5015,1640,celebrity
23630483,FulbrightSchlrs,28980,9071,celebrity
1337658938,IRRT_WUSTL,46,343,layman
67233385,connect4wu,61,186,layman
48028479,wustl_reslife,991,506,expert
45669384,MountVernon,40519,14907,celebrity
45654015,AMCS_WU,467,750,expert
1668677838,WashU_PNP,57,105,layman
355579635,fulbrightboard,10472,4757,celebrity
2150041849,SeanBiolCarroll,2759,22,celebrity
1883504564,WashUNews,164,35,expert
435092465,AsafManela,245,468,expert
17919269,LATeducation,39208,6778,celebrity
75060663,CASEAdvance,15422,12579,celebrity
43199901,HHMINEWS,30249,9244,celebrity
2332084886,WashUOUTLaw,204,214,expert
1763939227,globalhackHQ,1733,2907,celebrity
1943072018,WUFrontiers,47,56,layman
14441010,JohnsHopkins,82641,32747,celebrity
827286384,jessie_assimon,14,0,layman
13526822,Julie_Flory,1308,8209,celebrity
1029839162,SparoHealth,506,323,expert
41033136,ThurtenE,664,697,expert
462963112,ArchGrants,10102,4919,celebrity
15165502,MarsRovers,488296,1071,celebrity
1876113835,CortexSTL,10796,5158,celebrity
6507762,NotreDame,159521,15798,celebrity
276641604,KuumbaTV,217,483,expert
17259136,studlifesports,608,4791,expert
24048680,ThePageantSTL,52685,15805,celebrity
235305497,HerCampusWashU,646,777,expert
272450045,Do314,9151,10562,celebrity
19078387,PsychScience,64468,9335,celebrity
9407692,UnitedWaySTL,10125,8070,celebrity
2242536402,WUSTLTTC,531,1388,expert
17093617,hootsuite,7858020,69149,celebrity
75351264,itenstl,5101,6093,celebrity
267841234,SaintLouCo,11992,7469,celebrity
237918346,stl250,3800,3170,celebrity
76458984,Techli,9060,8249,celebrity
564000560,TheCooksCook,1306216,5143,celebrity
33371149,JodiOkun,70426,150524,celebrity
416050630,MosaicWhispers,208,398,expert
57065141,McCaskillOffice,16392,6461,celebrity
11348282,NASA,32343180,56905,celebrity
24188890,Newsgram,1701,22759,celebrity
23256155,wudm_,677,326,expert
108286674,BernardMarr,122611,32040,celebrity
312117102,WUSTLEngProfEd,168,598,expert
15927033,AmirKurtovic,2785,5177,celebrity
10743582,pomranka,551,6604,expert
40319163,p_crowley,549,725,expert
209702976,BlueberryHillMO,10002,6831,celebrity
811350,alexisohanian,278096,67204,celebrity
108640170,noblejonesontv,11266,28228,celebrity
456740384,handbuiltcity,1082,4350,celebrity
1360718155,kickstartforum,29094,8463,celebrity
221865800,sarahstartups,1347,5863,celebrity
12737342,lifmus,254,1355,expert
16332522,MayorSlay,69535,25316,celebrity
1143248114,farmplicity,434,603,expert
148463866,DrMerminCDC,16743,15794,celebrity
7413762,davealevine,7410,67201,celebrity
20263710,rabois,174516,36740,celebrity
315002750,TheSuccessKing,437327,27087,celebrity
14677919,NewYorker,8700316,97820,celebrity
2735591,FastCompany,2334621,226334,celebrity
35258652,sanmayd,172,840,expert
159588456,NASA_Technology,714332,4663,celebrity
16564324,theNASEM,66412,17524,celebrity
44906350,rbpless,767,1256,expert
15786332,mcbridetd,5480,820,celebrity
215679926,jqjp1,2627,2006,celebrity
59220980,CMitchell99,1113,4476,celebrity
777485077,WUSTLEconAC,132,639,expert
509331430,cphsswustl,346,503,expert
902342034,LandLabSTL,552,376,expert
1424556128,washufootball,2090,1721,celebrity
10310842,timrand,181,750,expert
80634067,radioaltman,3497,2867,celebrity
1325318946,560MusicCenter,68,27,layman
18826693,lgmccarthySTL,548,2811,expert
115073887,GloriaParkBart,292,2303,expert
1678581708,WashU_WBB,1427,1091,celebrity
19357137,WUSTLdbbs,1433,3456,celebrity
15238609,ChiefExecBear,7978,25844,celebrity
1898236622,KroegerMail,131,176,expert
48289662,UniofOxford,535227,16422,celebrity
757303975,ChelseaClinton,2519988,12991,celebrity
14199378,smithsonian,2653533,20916,celebrity
18783501,ASU,284110,31150,celebrity
19616718,USNewsEducation,303312,54509,celebrity
406730971,SpottedAtWashU,1049,793,celebrity
283111636,washuproblems,1536,312,celebrity
375188046,sahilspatel,499,9301,expert
20548252,gcolditz,1039,1151,celebrity
19619244,susancohen_stl,89,19,layman
66580327,Possibilizer,537,1652,expert
502135911,Nick_Offerman,1766185,7089,celebrity
101896529,HuffPostCollege,128992,49390,celebrity
868896828,AMooreMcBride,731,376,expert
205397000,CtrRelPol,1930,2465,celebrity
68999404,ClintonGlobal,283334,6510,celebrity
605153786,DrLeanaWen,74656,21492,celebrity
256754923,WhitewaterAtty,3551,7753,celebrity
21237510,WUSTLemba,777,159,expert
282087533,OrgStratProf,2664,1445,celebrity
7151902,tadawes,3363,12305,celebrity
164526964,LToddLibrarian,383,5755,expert
130241862,GenomeInstitute,18780,3156,celebrity
278409413,WUArch,113,133,expert
17900066,joechambers,405,569,expert
339141701,SuperTigerLDB,409,1050,expert
25696755,pannill,596,18,expert
25333387,wupad,545,612,expert
161705827,WUSTL_Summer,115,191,expert
593922254,WUSTLPeds,213,113,expert
731101711,YSPwustl,536,802,expert
441238191,BearBucksWUSTL,322,2602,expert
183665879,WASHUSwim,560,906,expert
81858726,WUSTLortho,1866,1192,celebrity
1658194106,WustlSAAP,50,39,layman
1667860657,WUSTLpubhealth,2050,4982,celebrity
56245303,OlinWCC,1074,1532,celebrity
1732347110,WUSTLGlobalHlth,63,18,layman
2250261,ajreeves,1382,149,celebrity
882455748,Lab_1500,3041,2447,celebrity
1247443308,WASHUVolleyball,543,1044,expert
34633479,slso,37304,9789,celebrity
14462885,STLScienceCtr,24640,8943,celebrity
23602600,timeshighered,289403,100918,celebrity
45198055,sjmalter,657,1735,expert
144915105,csdwustl,944,1882,expert
155272887,wildrob12,274,215,expert
197435771,InnovateSTL,2281,1649,celebrity
16045268,insidehighered,233627,31268,celebrity
22333510,mohistorymuseum,25074,10965,celebrity
16857753,womeninhighered,41369,13707,celebrity
1142998118,WUSTLSPB,806,630,expert
26076536,mobotgarden,46203,10995,celebrity
187934274,WUSTLJobs,299,151,expert
599737549,wustl_pt,2061,1910,celebrity
293709920,AAUniversities,13312,14272,celebrity
62861160,stlzoo,82076,4754,celebrity
180505807,instagram,36462995,12573,celebrity
586671909,VineCreators,14268376,3660,celebrity
52847728,Cardinals,1230447,65320,celebrity
1601592757,SJGivensSTL,595,952,expert
437593607,neilmrichards,2357,1533,celebrity
17297849,pulitzerarts,16317,4804,celebrity
369301414,wustlCPC,78,31,layman
1360356614,WashULaw,2182,7261,celebrity
545988311,WUSTLpacs,828,1252,expert
151167947,WUSTLSIS,831,1840,expert
1022371699,WashUsummer,514,769,expert
880866320,WashUBasketball,1425,1879,celebrity
50393960,BillGates,47846479,3141,celebrity
7237762,kadesoto,1273,11199,celebrity
89517086,SitemanCenter,13654,4165,celebrity
20214495,TED_TALKS,694518,2667,celebrity
103102369,wustlsummerexp,249,1297,expert
783214,Twitter,56527435,11332,celebrity
471609060,WUSTLPostdoc,1049,2299,celebrity
15492359,TEDTalks,11294154,33610,celebrity
277072979,WUSTLoiss,843,770,expert
51241574,AP,13466905,248892,celebrity
75316454,rlippmann,9954,35837,celebrity
19107517,NoraNora4100,1215,2237,celebrity
1548902040,ABI_WashU,9,0,layman
344871208,ForestPark4Ever,8630,7880,celebrity
40239101,stlbizesherberg,7567,7437,celebrity
36798767,TweetsbyCYM,749,1687,expert
13872282,TheNineNetwork,20000,24157,celebrity
712611259,WUSTLDUC,73,5,layman
13110902,dianekeaggy,1788,3064,celebrity
80331801,HuffPostBooks,290785,35732,celebrity
26759638,RisaZw,197,31,expert
24109900,missioncontinue,19948,8826,celebrity
1548949092,EasternRAC,41,271,layman
409450462,StlArtMuseum,27257,5290,celebrity
200512763,WashUCurling,176,69,expert
223170394,holdenWU,7764,4688,celebrity
1128945624,WUSTLArtSci,2469,7545,celebrity
18391232,SkandalarisCtr,2966,3440,celebrity
547001905,WashULaw_online,1632,394,celebrity
1330163316,ProfWrightonWU,4493,1511,celebrity
309297097,WUGetInvolved,578,1356,expert
20752758,studlife,5971,9145,celebrity
481584134,WUSTL_thinks,546,1895,expert
821505560,DIFFSATWUSTL,40,12,layman
252740978,CGIU,60850,4655,celebrity
815535570,WUSTL_English,267,461,expert
551138610,WUFYC,970,1388,expert
732889740,WUSTLOT,795,933,expert
432662240,SamFoxSchool,2351,9808,celebrity
356261120,WashUAlumni,2576,4625,celebrity
273559844,BioSTL,4939,3128,celebrity
259363858,WUSTLbusiness,4236,6315,celebrity
233634176,WUSTLSustain,1283,1296,celebrity
94346957,wustlsts,472,551,expert
86077709,quadranglewashu,125,135,expert
32156691,washuSWI,204,305,expert
37666790,CAIT_WUSTL,186,211,expert
25789004,WUBrookings,156,135,expert
83899964,WUSTLnews,9324,12188,celebrity
76106408,WUSTLdining,668,810,expert
71046446,EdisonTheatre,620,376,expert
42955564,WUSTLGephardt,1228,1507,celebrity
54330192,WUADRC,523,1758,expert
20830220,washu_su,1840,1390,celebrity
20168258,YourDiseaseRisk,831,3440,expert
59200912,WASHUBears,5964,21641,celebrity
46422258,WUSTLlibraries,1775,4026,celebrity
23105896,WUSTLdigital,462,97,expert
21246323,BrownSchool,4327,2846,celebrity
27779882,WUSTLmed,15031,7924,celebrity
18808917,WUSTLq,191,21,expert
22194661,WUSTLcso,806,199,expert
9256542,WASHUmSoccer,590,3388,expert
18727958,kemperartmuseum,46018,3767,celebrity
19405351,WashUengineers,4912,7351,celebrity
15782087,WUSTLcareers,3782,2275,celebrity
18202147,WUSTLucollege,2186,2032,celebrity
